player_strategy,payoff,nash_equilibrium,anarchy
0.3745401188473625,-6.297341423227607,0.26170568373590597,1
0.9507143064099162,0.8380189475671629,0.24697879907199982,1
0.7319939418114051,7.458916717528165,0.9062545805210367,0
0.5986584841970366,4.644497728191224,0.2495461998495061,1
0.15601864044243652,6.131222957228994,0.271949726128631,1
0.15599452033620265,3.175667334214347,0.7593982624179637,0
0.05808361216819946,3.8455312903570493,0.44973984245054,0
0.8661761457749352,6.983913031306386,0.7767105569551812,0
0.6011150117432088,-5.006639822816281,0.06536615756438524,1
0.7080725777960455,-0.21150072713719048,0.4875711936733843,0
0.020584494295802447,-5.5758111636079555,0.03361360018328263,1
0.9699098521619943,9.75336015993294,0.06265320345535452,1
0.8324426408004217,8.881186793732265,0.906437453344411,0
0.21233911067827616,-9.211463772629882,0.13924537111759516,1
0.18182496720710062,4.111503450313769,0.5324206822752171,0
0.18340450985343382,8.504966348313317,0.41109560260070654,0
0.3042422429595377,-6.388493097453329,0.3473433262588427,0
0.5247564316322378,1.3589046110525893,0.8998333456872725,0
0.43194501864211576,8.309765951760838,0.0218233967754895,1
0.2912291401980419,-9.321080428284024,0.6637896861755891,0
0.6118528947223795,3.9484053449367984,0.9633944342135504,0
0.13949386065204183,-4.053019852548985,0.5601681834618419,0
0.29214464853521815,8.487923907530607,0.9368224620330918,0
0.3663618432936917,9.421164903307355,0.05225787928602377,1
0.45606998421703593,8.885329782268679,0.4187933190741614,0
0.7851759613930136,-0.5157156668507246,0.26015779096205116,1
0.19967378215835974,7.240853019786268,0.7308209649807298,0
0.5142344384136116,6.890987970701408,0.9812970904972467,0
0.5924145688620425,-3.6179905351348873,0.2565300624442478,1
0.046450412719997725,6.5783094830135465,0.6541746014740745,0
0.6075448519014384,-9.259847305690148,0.19809763275974013,1
0.17052412368729153,1.9253975696410608,0.5653302545716099,0
0.06505159298527952,-5.3998232542459395,0.4639324866883362,0
0.9488855372533332,-7.588662284454424,0.9720053296315371,1
0.9656320330745594,-8.460935967415818,0.6085272726964666,1
0.8083973481164611,3.925775517562795,0.3495063720868188,0
0.3046137691733707,-3.202500724638677,0.11409578488793337,1
0.09767211400638387,4.4953354305752296,0.15124682873493456,1
0.6842330265121569,-8.692873184021153,0.2253169299512351,1
0.4401524937396013,-3.6941932433877933,0.250966661340298,1
0.12203823484477883,0.7898258475067443,0.8506160578411378,0
0.4951769101112702,5.814463296779271,0.5612227882825249,0
0.034388521115218396,-3.6249499413586017,0.5233909113743664,0
0.9093204020787821,2.517827528740182,0.11476887186921747,1
0.2587799816000169,7.719554964723743,0.860139693349435,0
0.662522284353982,2.3172637636460913,0.7228143032084837,0
0.31171107608941095,-5.340810504927324,0.06766836190000158,1
0.5200680211778108,-9.51198436886924,0.7078350972297687,1
0.5467102793432796,7.401977478018598,0.5435382173426461,0
0.18485445552552704,-9.574611782992257,0.08172534574677826,1
0.9695846277645586,7.494033453683988,0.45830064152865646,0
0.7751328233611146,0.5787426805442397,0.484696287130047,0
0.9394989415641891,8.781353970257923,0.16577454016327575,1
0.8948273504276488,5.975664715473307,0.9456981470002823,0
0.5978999788110851,9.95868221066675,0.8499753714806619,0
0.9218742350231168,-2.985763690965797,0.6690223373291083,0
0.0884925020519195,5.343765778622538,0.4622955610006072,0
0.1959828624191452,-1.9613817278151569,0.4117655415845085,0
0.045227288910538066,-0.4024875939218231,0.6509734671509542,0
0.32533033076326434,2.5501092643674017,0.5454318694069055,0
0.388677289689482,7.4735422837267755,0.062273105881885615,1
0.2713490317738959,9.681669383985902,0.5125026487703317,0
0.8287375091519293,5.365468277290364,0.8064036172328395,0
0.3567533266935893,-1.6446643566533248,0.45923987759695806,0
0.28093450968738076,-1.5728599544585964,0.05195657755426841,1
0.5426960831582485,4.751646031777829,0.7862781993840331,0
0.14092422497476265,-5.224457084633953,0.2013637821359744,1
0.8021969807540397,-7.790517737372107,0.2586208348880388,1
0.07455064367977082,-2.9075568471844693,0.1647063534322959,1
0.9868869366005173,-4.255220166918365,0.33021506487149754,0
0.7722447692966574,-4.073837590880198,0.756751505688635,0
0.1987156815341724,-5.327844979001801,0.5193858595039373,0
0.005522117123602399,-9.158136207272761,0.20488127415071256,1
0.8154614284548342,-9.642521305331723,0.8778300781520408,1
0.7068573438476171,9.754447794720631,0.8795818549515292,0
0.7290071680409873,-1.4445373252827531,0.8705784250460069,0
0.7712703466859457,-2.3134670568063664,0.23879621138153928,1
0.07404465173409036,3.592945653861397,0.4512393441809881,0
0.3584657285442726,-5.634922242698717,0.9849896561408751,0
0.11586905952512971,8.999223679004507,0.7720124763099904,0
0.8631034258755935,5.726900288311041,0.027167421225559818,1
0.6232981268275579,-8.21177995375481,0.06520459126049205,1
0.3308980248526492,-1.6483844843014328,0.46393137681233276,0
0.06355835028602363,7.582366151243294,0.9092202058615602,0
0.3109823217156622,8.894640445828205,0.5387017979527142,0
0.32518332202674705,-0.6519697750026054,0.4978125080342902,0
0.7296061783380641,2.268227784214154,0.10547369995663058,1
0.6375574713552131,-6.659321078158495,0.656780104724294,1
0.8872127425763265,9.82337252273953,0.8221031606002255,0
0.4722149251619493,-5.3665659723311325,0.38042000750756233,0
0.1195942459383017,8.854635482702513,0.7756118509253275,0
0.713244787222995,2.992932979847369,0.9644766539008116,0
0.7607850486168974,2.1547358975771824,0.2037664591276891,1
0.5612771975694962,0.2537702203301717,0.5233296311947413,0
0.770967179954561,-5.386603765644827,0.28713795808457554,1
0.49379559636439074,-6.469439359889835,0.7928544190338394,0
0.5227328293819941,-5.590275818596493,0.5775933658811575,1
0.42754101835854963,-6.271234757114909,0.6345824175503038,0
0.02541912674409519,5.591689471335066,0.7979141596158941,0
0.10789142699330445,-2.997494816665398,0.3959704726624549,0
0.03142918568673425,-8.843146468732073,0.9150900684070432,0
0.6364104112637804,9.382052602816227,0.53302886724614,0
0.3143559810763267,7.675717699268514,0.157954822835348,1
0.5085706911647028,8.55504566390426,0.6958991181688025,0
0.907566473926093,9.898156452928706,0.7932613504382544,0
0.24929222914887494,-6.522095015610255,0.31676167706752667,0
0.41038292303562973,-2.075159621946825,0.857179256998753,0
0.7555511385430487,5.164769514081826,0.9061432547657664,0
0.22879816549162246,3.9204123610758446,0.2769044873778089,1
0.07697990982879299,-6.922081873202899,0.9835214727152221,0
0.289751452913768,6.316662499812356,0.14071152804875842,1
0.16122128725400442,-5.511188563266787,0.20201566840248997,1
0.9296976523425731,-5.523647703547539,0.18422483923802613,1
0.808120379564417,0.7394884578682714,0.8939897100078704,0
0.6334037565104235,1.858798696834063,0.6542925523249619,0
0.8714605901877177,1.6017241567562235,0.15210428322227287,1
0.8036720768991145,-8.170263252044903,0.440323418368349,1
0.18657005888603584,7.549217252607607,0.615298025069802,0
0.8925589984899778,-4.687999148225879,0.08346408498938329,1
0.5393422419156507,-7.4097015743439165,0.8824163684073387,1
0.8074401551640625,7.774961597379544,0.8036035354415352,0
0.8960912999234932,9.113029964595068,0.5052067735766382,0
0.3180034749718639,7.242552345309012,0.9671266152591704,0
0.11005192452767676,6.190321494497562,0.4177609792750997,0
0.22793516254194168,3.1048396127804345,0.9841103190364978,0
0.4271077886262563,1.0171474121827861,0.6679199988036271,0
0.8180147659224931,-8.260264801771797,0.6346712732539415,1
0.8607305832563434,-1.8309357385860259,0.165954895295785,1
0.006952130531190703,-2.5462296597537204,0.881927758304644,0
0.5107473025775657,-4.804924324793475,0.42748968792061515,0
0.417411003148779,4.468402273771699,0.16223340578247936,1
0.22210781047073025,-0.08248529842458385,0.01260751997575904,1
0.1198653673336828,-8.379075681847041,0.5597556836383826,0
0.33761517140362796,-5.596335961003773,0.5273996221226763,0
0.9429097039125192,3.6651752731919185,0.7193536223691586,0
0.32320293202075523,-8.477382810193996,0.8902580530178021,0
0.5187906217433661,7.024138280975373,0.07940658464302952,1
0.7030189588951778,-0.0970694597205135,0.7314964903403623,0
0.363629602379294,-0.38826845346704,0.18741194409758222,1
0.9717820827209607,1.848155693190352,0.858177053157164,0
0.9624472949421112,6.493619318502983,0.8190635138616561,0
0.25178229582536416,-3.043815841956139,0.5407937549855444,0
0.49724850589238545,3.560323051181271,0.7102427986233115,0
0.30087830981676966,1.3146392799158213,0.3143501131837484,0
0.2848404943774676,-4.6594345966115736,0.47116789893281463,0
0.036886947354532795,7.57259972710316,0.8216368977104717,0
0.6095643339798968,5.948520432138562,0.4592651971732139,0
0.5026790232288615,3.16903669316851,0.3577982653254418,0
0.05147875124998935,7.011634581884838,0.4942124472502999,0
0.27864646423661144,7.345884019196047,0.8282492524372184,0
0.9082658859666537,4.167259534300696,0.33520804737087273,0
0.23956189066697242,6.740266567273441,0.1737615931357438,1
0.1448948720912231,3.949429233385673,0.7120140203307808,0
0.489452760277563,3.602815435206008,0.8259782127080818,0
0.9856504541106007,2.372227564303686,0.10063747852353333,1
0.2420552715115004,5.054332791152825,0.23987411275594472,1
0.6721355474058786,-6.827897894138526,0.1419719897609939,1
0.7616196153287176,7.617415183978569,0.3479414115821666,0
0.23763754399239967,7.43687055490464,0.45035097890541265,0
0.7282163486118596,-9.415054339308817,0.7488263369633065,1
0.3677831327192532,6.516335011295253,0.6511475848816741,0
0.6323058305935795,-7.422602650531096,0.6209285674784312,1
0.6335297107608947,-3.297622914817162,0.3523749466096544,0
0.5357746840747585,4.870165125832155,0.8414475530847599,0
0.0902897700544083,-6.784802079033836,0.47128716739816456,0
0.835302495589238,6.359340482381244,0.9791049380151545,0
0.32078006497173583,6.642683559154838,0.6341421382957368,0
0.18651851039985423,0.14935467521672408,0.12626474156450274,1
0.040775141554763916,-9.872282565663328,0.676177562075434,0
0.5908929431882418,-4.259237336501744,0.325104015431699,0
0.6775643618422824,2.338538367514844,0.6863271966860974,0
0.016587828927856152,9.62372356054847,0.06964114816240574,1
0.512093058299281,2.6362705403333675,0.1748814371759594,1
0.22649577519793795,-4.803928378716805,0.8557372589057863,0
0.6451727904094499,2.680114061992227,0.2271795570235149,1
0.17436642900499144,0.7997075943171095,0.83704112524294,0
0.690937738102466,5.596907903022872,0.27927608845441043,1
0.3867353463005374,-7.860387223460831,0.6428819100587077,0
0.9367299887367345,5.220558050040561,0.694150573509831,0
0.13752094414599325,0.8253315735222055,0.5126547531450529,0
0.3410663510502585,9.259840077179893,0.3053106766967313,0
0.11347352124058907,-3.1625566792262783,0.21264437637109612,1
0.9246936182785628,2.6524378626789624,0.03318935456242622,1
0.877339353380981,8.64056211020035,0.3039464012407238,0
0.2579416277151556,-7.949805440186415,0.653162790531283,0
0.659984046034179,8.744569744729024,0.9383048184484827,0
0.8172222002012158,3.757714446016267,0.871204482263052,0
0.5552008115994623,-8.643258817896562,0.7660647765353026,1
0.5296505783560065,-3.980728661063675,0.7884473432532987,0
0.24185229090045168,4.163441772905632,0.6649849034759953,0
0.09310276780589921,-8.652987970624565,0.260286857566003,1
0.8972157579533268,1.6434092035254655,0.9071950307058299,0
0.9004180571633305,-3.0823388609408653,0.670732311905834,0
0.6331014572732679,2.418310355349542,0.56044063098044,0
0.3390297910487007,-9.085159323749743,0.11098946921348107,1
0.3492095746126609,7.4307361230475255,0.4470555438064254,0
0.7259556788702394,9.469779383547937,0.4603582712019263,0
0.8971102599525771,9.37755710571383,0.86456360952267,0
0.8870864242651173,4.993036634858495,0.5466482201877885,0
0.7798755458576239,-7.398275197387361,0.38040054897040965,1
0.6420316461542878,5.165263918580452,0.9768003285106593,0
0.08413996499504883,-9.50826167082397,0.11072059332631567,1
0.16162871409461377,-9.557528969420055,0.4225484283119446,0
0.8985541885270792,-3.527795617009175,0.04202467517140529,1
0.6064290596595899,-0.227136191906685,0.7399041207669304,0
0.009197051616629648,5.4081483561558645,0.9180765521991506,0
0.1014715428660321,3.665907532130104,0.28003732955048943,1
0.6635017691080558,-1.0819458724650333,0.8583416767991209,0
0.005061583846218687,-4.527466674366682,0.29221823046189777,1
0.16080805141749865,9.942490003154223,0.9107701616439152,0
0.5487337893665861,-1.476373955280541,0.7539619035967839,0
0.6918951976926933,-0.9722595134064904,0.8049067768414386,0
0.6519612595026005,-6.727523576166616,0.0180065556004545,1
0.22426930946055978,5.8961909749985875,0.962810357074026,0
0.7121792213475359,3.8736445156297727,0.7266709920703233,0
0.23724908749680007,-5.584607744224792,0.3047510953861333,0
0.3253996981592677,-8.352379087683147,0.8293946648588469,0
0.7464914051180241,3.609986041494262,0.28152119841492995,1
0.6496328990472147,3.0902242856227047,0.872753839566128,0
0.8492234104941779,-4.534809460035813,0.11258039041193701,1
0.6576128923003434,9.017271245008207,0.7036859774607958,0
0.5683086033354716,-6.978842164381995,0.5406984766449103,1
0.09367476782809248,-1.3533039791479617,0.09653447019544081,1
0.3677158030594335,8.872318403351978,0.24189382825883898,1
0.26520236768172545,-1.6054536614775539,0.01240403627731479,1
0.24398964337908358,2.770518953281711,0.46876796546450583,0
0.9730105547524456,-2.0481120407441145,0.3012652607600004,0
0.3930977246667604,-4.515695953026599,0.5983574842977588,0
0.8920465551771133,9.679552959196565,0.2972378077086172,1
0.6311386259972629,-1.8133198736991396,0.2999191115069847,1
0.7948113035416484,7.8819840735826885,0.7431931987316034,0
0.5026370931051921,-5.400907882178276,0.04814283597835345,1
0.5769038846263591,-5.737905919498334,0.9028949951919872,1
0.4925176938188639,-9.377318342309772,0.8522638743911815,0
0.1952429877980445,3.033336507517701,0.6678046832264065,0
0.7224521152615053,-2.629473125524777,0.5932215701073843,0
0.2807723624408558,7.287164996792741,0.8923024981396522,0
0.02431596643145384,-0.5358018661688568,0.18533017952871444,1
0.6454722959071678,9.363868558294435,0.07896916219082861,1
0.17711067940704894,-6.289489685937577,0.2395101699095381,1
0.9404585843529143,7.372463359112215,0.7945782787001903,0
0.9539285770025874,5.531937055834835,0.03467026672648332,1
0.9148643902204485,5.41843689288104,0.5828068350834896,0
0.3701587002554444,6.895664562337753,0.9954375161913099,0
0.015456616528867428,5.220479818859978,0.8556960938375394,0
0.9283185625877254,2.5244064326283078,0.5214456890435895,0
0.42818414831731433,-7.3751024463522485,0.06364090928664234,1
0.9666548190436696,-9.349476410174962,0.8313735143857098,1
0.9636199770892528,8.416956956313737,0.5989785081772105,0
0.8530094554673601,2.333006290414761,0.11493299705956683,1
0.2944488920695857,5.930745819523526,0.0938572848233562,1
0.38509772860192526,-0.36955296974899854,0.9096268194365924,0
0.8511366715168569,-7.65383622075211,0.6692002629380784,1
0.31692200515627766,-7.496284155948992,0.8292867993167555,0
0.1694927466860925,3.7113057445794273,0.8789789002822673,0
0.5568012624583502,-1.3938821020107461,0.5717723520483222,0
0.936154774160781,-5.989505465993266,0.5174463517550413,1
0.696029796674973,-0.16810906517126245,0.4304274103209902,0
0.570061170089365,-8.715821258497318,0.3169465877911193,1
0.09717649377076854,1.6394280382879756,0.43459596085871177,0
0.6150072266991697,-4.620131911298047,0.7738796557301564,0
0.9900538501042633,5.951182012743763,0.6019234310151316,0
0.14008401523652403,-3.7927608215285247,0.8925232899548461,0
0.5183296523637367,-0.8955970183639761,0.4433800143791877,0
0.8773730719279554,-9.767589201837987,0.607089578718754,1
0.7407686177542044,-8.551062244108822,0.6313075530919887,1
0.697015740995268,-2.1501288718663036,0.5916971623063255,0
0.7024840839871093,-0.40122330565752984,0.7026337730855163,0
0.35949115121975517,2.0004109623860744,0.23743346837480628,1
0.29359184426449336,-4.166748425813935,0.5123637775457907,0
0.8093611554785136,3.899637722530851,0.10422480280834767,1
0.8101133946791808,7.202447943784092,0.38451132764481255,0
0.8670723185801037,5.597019777866996,0.4876670686212644,0
0.9132405525564713,-9.207623493032857,0.6522242595454725,1
0.5113423988609378,-0.38986105484342115,0.9505310525862035,0
0.5015162946871996,-7.901396431636503,0.6006510665483559,1
0.7982951789667752,-5.159099682749451,0.7435939161765598,1
0.6499639307777652,9.733251865342929,0.5062660594952028,0
0.7019668772577033,-7.150089141969735,0.6341040313763313,1
0.795792669436101,-0.02223693097287871,0.07093221613377343,1
0.8900053418175663,2.363114686362382,0.254391580841847,1
0.3379951568515358,4.049299410882079,0.3618530932051387,0
0.375582952639944,1.192973669738282,0.47249335500651357,0
0.093981939840869,-9.804583051616326,0.045648745502383736,1
0.578280140996174,-3.4707738351201622,0.14002409755331768,1
0.035942273796742086,0.35423286769422857,0.2768143077913058,1
0.46559801813246016,-8.242670017103332,0.9715326909010507,0
0.5426446347075766,-2.987461375816385,0.33134700710305076,0
0.2865412521282844,-9.33593782417267,0.48204105811208253,0
0.5908332605690108,-8.428430056899586,0.19609771273839294,1
0.03050024993904943,-2.0615344759680787,0.6107800710757683,0
0.03734818874921442,-7.345684919138793,0.2806832155159743,1
0.8226005606596583,1.350816965231163,0.20699257843842678,1
0.3601906414112629,3.7892993827453147,0.5165726284459791,0
0.12706051265188478,6.011733982181657,0.005505799160420821,1
0.5222432600548044,-5.996995115103799,0.0076640326492253275,1
0.7699935530986108,-6.650348354818605,0.21906880910185778,1
0.21582102749684318,-7.908643193311995,0.03672136250082114,1
0.6228904758190003,2.728604990872734,0.10802575413069138,1
0.085347464993768,4.129514529738023,0.3388606493387516,0
0.0516817211686077,-9.36827710348716,0.8025856795798129,0
0.531354631568148,8.724244924873796,0.5720486433693008,0
0.5406351216101065,-8.960574326970551,0.5126677259564164,1
0.6374299014982066,0.8259267060214093,0.29348882320812164,1
0.7260913337226615,4.181210389018329,0.9317537194328164,0
0.9758520794625346,7.419382474921711,0.39701504123719167,0
0.5163003483011953,4.2817386426485555,0.08709276679577149,1
0.32295647294124596,6.034561661395836,0.6170665161178013,0
0.7951861947687037,-3.2109961491438788,0.11383839347660141,1
0.2708322512620742,6.296502274930244,0.3452231428016921,0
0.4389714207056361,-8.397703072306497,0.5074119387178089,0
0.07845638134226596,7.896333121210553,0.8742225246851758,0
0.02535074341545751,0.9518475230747248,0.49354658034011867,0
0.9626484146779251,6.345955399249874,0.7022587660316643,0
0.8359801205122058,-0.9536343096339972,0.9928168389990704,0
0.695974206093698,2.8715539039304994,0.13148911989798162,1
0.4089529444142699,0.5280532187222642,0.2747315255195195,1
0.17329432007084578,4.6317904351066375,0.3945760755976464,0
0.15643704267108605,-8.367400359388208,0.42182817853883137,0
0.25024289816459533,-8.792958320188724,0.41102107526554577,0
0.5492266647061205,-5.057935319797071,0.9076110025565549,1
0.7145959227000623,-6.809106397736233,0.7140326444668564,1
0.6601973767177313,7.435671331844034,0.6079052140907037,0
0.27993389694594284,-5.615720252839114,0.3093727178627821,0
0.9548652806631941,9.517305116382627,0.8237903842212947,0
0.7378969166957685,-3.262084164577863,0.9550605114849889,0
0.5543540525114007,-6.357641686226014,0.8211982825502265,1
0.6117207462343522,5.793970142849583,0.0015651051914729042,1
0.4196000624277899,3.1741555100175223,0.636401370183407,0
0.24773098950115746,-0.03608567093722037,0.051135381442100725,1
0.3559726786512616,1.1072710187526247,0.25760722033372185,1
0.7578461104643691,4.384035565445277,0.059524700347771686,1
0.014393488629755868,-5.4309051733740255,0.6037954529493877,0
0.11607264050691624,9.926678321134839,0.6865899134926068,0
0.04600264202175275,9.495863242935663,0.11448763806590512,1
0.040728802318970136,3.0065137269387376,0.3838388830449795,0
0.8554605840110072,-6.009150981417097,0.456236508955542,1
0.7036578593800237,3.6045648486258264,0.3690530217609166,0
0.4741738290873252,-8.556031820416482,0.12102500048519305,1
0.09783416065100148,-9.386949955883878,0.4189477901874754,0
0.49161587511683236,-4.846342229775726,0.7511780478084181,0
0.4734717707805657,-0.7475408652136739,0.07100766453325547,1
0.17320186991001518,7.365450108167611,0.08018001408190345,1
0.43385164923797304,4.54338139532616,0.3547712918359842,0
0.39850473439737344,4.854130423999621,0.941725711618925,0
0.6158500980522165,-1.490133311038493,0.668572646722914,0
0.6350936508676438,-3.0813001490607417,0.6786699566725648,0
0.04530400977204452,-2.579224740307946,0.36191999083786497,0
0.3746126146264712,9.752991274721158,0.5936607912085384,0
0.6258599157142364,-9.19781617175035,0.010131184027743378,1
0.5031362585800877,7.340629922448971,0.6360960464095422,0
0.8564898411883223,1.5735081714478683,0.9132869475762367,0
0.658693631618945,-1.2276916162081908,0.6125734683448192,0
0.1629344270814297,4.50515320830273,0.873698593466345,0
0.07056874740042984,-0.266621171505943,0.7239730554660938,0
0.6424192782063156,7.468464761633211,0.12055841640369025,1
0.026511310541621813,8.014037280225171,0.9024533072858417,0
0.5857755812734633,-1.5655814625308917,0.06644384435577488,1
0.9402302414249576,-4.463444055298968,0.5339674725477638,0
0.575474177875879,1.8470065718672446,0.14213712379345766,1
0.3881699262065219,8.247266912333819,0.011706610730904066,1
0.6432882184423532,-5.786756219886668,0.422034260127639,1
0.45825289049151663,2.4593316712696556,0.29504070765415624,1
0.5456167893159349,2.631204401850411,0.486000493797603,0
0.9414648087765252,4.66226044830562,0.5771998867345508,0
0.38610263780077425,-7.368646297454804,0.04373907230894736,1
0.9611905638239142,4.316499293641771,0.12300329512374564,1
0.9053506419560637,8.18065041331282,0.5586423964504253,0
0.19579113478929644,-6.406337822595161,0.34316735317265823,0
0.06936130087516545,-5.249133501522447,0.729173487549448,0
0.10077800137742665,9.427901880832792,0.6522916485919397,0
0.018221825651549728,-6.380460945810205,0.8456043629899068,0
0.0944429607559284,7.087701867391583,0.6924928266692253,0
0.6830067734163568,-0.1544428710393042,0.42993107739014813,0
0.07118864846022899,-5.055378511936459,0.6729666223944324,0
0.3189756302937613,7.4149980254502275,0.2753811742554185,1
0.8448753109694546,-1.0938948999466902,0.3063134987782127,0
0.023271935735825866,0.2963470785938038,0.7889851599207933,0
0.8144684825889358,-2.815332612004686,0.4464195164015822,0
0.28185477477339993,1.8590170286985486,0.7983803405183525,0
0.11816482762165625,-6.729522548299545,0.8224223736682784,0
0.6967371653641506,-2.178369266964786,0.8575623376612838,0
0.628942846779884,9.38824644670575,0.9166352358412073,0
0.877472013527053,-4.837331345977449,0.43098522051329624,0
0.7350710438038858,3.134733290825844,0.31886681832113883,0
0.8034809303848486,-3.4961987155061025,0.5821987465941139,0
0.2820345725713065,5.469462513732013,0.3711724234376276,0
0.17743954377972282,-7.3825267856330035,0.601074166800233,0
0.7506147516408583,9.396420901570895,0.7055858626438246,0
0.806834739267264,-0.924209172327215,0.6884050184921369,0
0.9905051420006733,-5.278990733070721,0.37455288702012135,1
0.4126176769114265,-8.530065053399747,0.16686020169875282,1
0.37201808579278317,-6.604841898249186,0.43052933846220753,0
0.7764129607419968,0.39547897112035324,0.14259414408190874,1
0.34080354025301784,-3.259936471374274,0.8900970351838083,0
0.9307573256035647,6.577667317652189,0.3458774607378574,0
0.8584127518430118,-1.3822495267638812,0.15445974722332378,1
0.42899402737501835,-5.025714548247402,0.025447759905750877,1
0.7508710677914974,2.342899732080601,0.6458223862864843,0
0.7545428740846823,4.135544337708916,0.6369023174547432,0
0.10312386883593261,-6.659161841981003,0.34060416658129167,0
0.9025529066795667,-6.647615674233647,0.071711888847651,1
0.5052523724478571,-9.266571461329141,0.409628894895232,1
0.8264574661077416,4.72804030131281,0.3112174950633936,0
0.32004960103061175,3.2760905524361017,0.6771206397350094,0
0.8955232284962005,-0.5073824850037223,0.6057792494526903,0
0.3892016787341631,6.883408979383942,0.36459372819754,0
0.01083765148029836,6.1134030590010635,0.2178925542549901,1
0.9053819764192637,1.707087287935043,0.9880359661555919,0
0.09128667678613356,7.365425610265173,0.45400162119611487,0
0.31931363759041487,-5.8831757992646345,0.688274235780237,0
0.9500619670508049,-7.7616076120454425,0.14055296757836078,1
0.9506071469375561,-4.605007769660208,0.4855896996593978,0
0.5734378881232861,-8.858262878213703,0.027536719869465487,1
0.6318372121697993,0.6233905600206402,0.50545511791045,0
0.44844552197831977,8.73211384589923,0.9640174071177023,0
0.29321077169806453,-9.213129186629807,0.3842067129858002,0
0.32866454536991596,-7.557801719799464,0.03899601257491159,1
0.6725184560770384,-0.9560194343312944,0.03095579091934353,1
0.75237452943768,8.677500350558098,0.3879867599468695,0
0.7915790437258485,-3.67687790046499,0.16002493646319405,1
0.7896181427945539,0.1446961737678487,0.023352096328185912,1
0.09120610304869037,-9.168542818992158,0.7562136139501768,0
0.49442030470258147,-7.033135980758223,0.4585230088818907,0
0.057558760016644284,9.732602459176938,0.2892447719726545,1
0.5495288823237355,9.302373928720911,0.9000831830164807,0
0.441530501373377,-9.901200381311808,0.11613896020052561,1
0.8877041827582998,9.03623570846478,0.9559188289553192,0
0.3509150125520787,2.782398756310007,0.3139667173773528,0
0.11706701642760586,7.358365890400442,0.8884036723086812,0
0.14299168205283586,-0.905202887322818,0.6029428764794615,0
0.7615106317174722,0.31192057158500486,0.8267073597414875,0
0.6182180633162611,-0.22306839486159635,0.9840131632104643,0
0.10112267612279024,3.337285150922087,0.2884054378187457,1
0.08410680611499743,-7.206974904873742,0.961135485407593,0
0.70096913145912,-9.400528202546441,0.38948189490242036,1
0.07276300636419353,-3.8414011681761817,0.3855119047369223,0
0.8218600592903562,4.093615254732934,0.3403871042545057,0
0.7062422271564962,-5.962930957541033,0.5414076073475852,1
0.08134878064189976,3.4686486664983462,0.1541450431784871,1
0.08483771408519192,9.398240922145408,0.5537114853580112,0
0.9866395785011755,-8.121985684211632,0.541704812410004,1
0.3742707957561203,3.4520423645025256,0.76190181260487,0
0.3706421470668909,-1.124995613908577,0.8336499619375856,0
0.8127995672575026,7.362845087550108,0.44044135031242404,0
0.9472485773838587,-6.457004211052282,0.30233324935149375,1
0.9860010638228709,3.8525190445232904,0.25933489731709447,1
0.7533781852589416,6.762305792962204,0.19462383670487193,1
0.37625958553091576,8.892284389480466,0.05764758219902488,1
0.08350071669866876,3.6649605657929163,0.34244797883471334,0
0.7771469159274368,-0.05650471983145389,0.27024769213078326,1
0.558404249735805,2.356944804024277,0.9664173858664074,0
0.4242220092469763,7.3780996895743645,0.5577088262500439,0
0.906354385094736,1.4121949327765937,0.34727703903050755,0
0.11119748230615134,-9.392258806063262,0.580467600993696,0
0.49262510429085915,8.618973910139555,0.1391967013456955,1
0.011353644767419069,3.7905350206312227,0.4440437492022029,0
0.46866064199412627,3.5302677155449302,0.6262343214210638,0
0.05630327568183735,-5.6864969520456565,0.4888978317924514,0
0.11881791626807192,3.177709404653144,0.40177880065432425,0
0.11752624677710488,-2.1227118869168304,0.9938483888996982,0
0.6492103021160636,3.0246595408298416,0.880314762148927,0
0.7460448792654233,-7.868139393840186,0.6234059581594401,1
0.5833687650971596,3.1569060920607206,0.5693773611822828,0
0.9621725484745419,9.98827451541333,0.620660479824584,0
0.37487057952370406,-9.03575922278888,0.20131210782243325,1
0.28571208628186073,9.543483684426345,0.3951377432643186,0
0.8685991281894603,-1.8618407855425878,0.03945953289089932,1
0.22359583851945264,7.415069006745183,0.47554603748682667,0
0.9632225394406113,5.64770968116547,0.5430245839576632,0
0.012154474689816341,1.340325219733356,0.2277497361032096,1
0.969878826707639,4.768984185026531,0.9640288471655137,0
0.04315991195057611,7.570311226026957,0.909454610937242,0
0.8911431136980711,-1.9171935669793405,0.7221432354559059,0
0.5277011090862999,-3.459336768735226,0.5333866287653626,0
0.9929647961193003,3.3518677112716944,0.869969159647685,0
0.07379656473539886,6.156918838825172,0.1306523438234629,1
0.5538542844013208,5.245702695532315,0.790509794274885,0
0.969302535619099,5.95627297717269,0.1248208139668483,1
0.5230978441701488,-1.28833370374134,0.7942106625494054,0
0.6293986381352625,6.356684323500432,0.27576756825135695,1
0.6957486889846172,-7.595818892587831,0.8770905810181889,1
0.45454106476777323,0.8897819592169909,0.9440420938253978,0
0.6275580800840634,-9.884826790037568,0.14879596940511564,1
0.5843143119231002,-3.508283401994594,0.4626756050653935,0
0.901158010490989,-2.6707693025720425,0.9809873781626851,0
0.04544638034145787,-2.076546167814892,0.4834074359731466,0
0.2809631895922303,3.9093441337972434,0.8635475225145451,0
0.9504114840765587,-2.2288379745930853,0.5887315221313199,0
0.8902637838909163,-1.026127547549387,0.37532990791960186,0
0.45565675278571294,-5.24911738251345,0.2857835555258702,1
0.6201325978015367,-2.5349641674131984,0.20322309108608727,1
0.2773811829811327,-5.454607454736971,0.7617981913776972,0
0.1881211597237613,-8.536081524631127,0.3865405068230279,0
0.46369840493998216,2.068971867627558,0.5112754622007512,0
0.3533522280260528,3.364255971100325,0.4923254800011819,0
0.5836561118508721,2.38980692019229,0.5772790292331312,0
0.07773463696498484,-0.7301191239885529,0.8655771456245522,0
0.9743948076661665,-2.4042843964154037,0.9807393435834294,0
0.9862107444796029,7.266672991436504,0.40758420857381694,0
0.6981617140197451,0.3816357027243611,0.8275189221063031,0
0.5360963663441204,-0.41636244740538064,0.7645277946547177,0
0.30952761628632774,-9.487158683871286,0.5735289514555733,0
0.8137950197069487,-3.175043447476873,0.9560471436119331,0
0.6847311725538793,-2.396087624282859,0.20047451552840279,1
0.1626169393448913,-2.0235443820619903,0.10926421030962141,1
0.9109271844938425,1.6034473845466457,0.8539619669554221,0
0.822537242923169,0.6720509345375691,0.4391498166337483,0
0.949799913291924,2.1581018558688925,0.8469688542070605,0
0.72571950838836,5.297665230842565,0.8930902051954149,0
0.6134151959357899,6.2597147743218695,0.06245759361907144,1
0.4182430362906189,4.362461524529888,0.8834647629860607,0
0.9327284833540133,9.110473919098695,0.4483190553694222,0
0.8660638895004084,-9.635348346472767,0.5104324890042322,1
0.04521867010618941,-6.0844402863290785,0.6265925110932102,0
0.026366974497252005,-9.848742500437158,0.9263826067300868,0
0.3764633668780496,2.94949428309206,0.01911609442976403,1
0.8105533307818329,7.960610978999738,0.4768434683178171,0
0.9872761293149445,-5.1303540684740145,0.6877220424305607,1
0.15041689110352818,8.540690895926133,0.7227069576982285,0
0.5941307153521351,-8.794652194208783,0.692532431537108,1
0.3808908566310215,8.688720536110285,0.13443512940812186,1
0.9699143978146032,-2.9675462552073117,0.29939558837168123,1
0.8421189231357087,-7.97158343101567,0.35871552541701346,1
0.8383287047111379,-0.2825648162734873,0.804437207679505,0
0.4686931597949703,-4.864468645589842,0.278759872414553,1
0.4148195023376652,-4.302541960761543,0.21070496386720317,1
0.27340707193070624,-3.8542007014742685,0.9574480190380962,0
0.056375496650927115,6.0605179566532685,0.0088632851134689,1
0.8647223762550532,0.7832255335050897,0.9978208556819782,0
0.8129010091300776,-3.773846016879927,0.6768212988573956,0
0.9997176732861306,2.2066756662183673,0.8284692994491171,0
0.9966368370739054,4.323013484463871,0.29461939634619316,1
0.5554317056026274,-4.547519985329325,0.014315277667059978,1
0.7689874151805105,-1.7290179694929697,0.73786951856153,0
0.944765729882428,-7.562278133261049,0.8341445970006758,1
0.8496473906774115,-6.377013009306394,0.7404761319535191,1
0.24734810174319766,3.6223570792996562,0.1428502873008386,1
0.4505441353100935,-6.371233046087461,0.7534279222569691,0
0.12915941515149498,0.5032676733412034,0.768922782107641,0
0.9540510272587224,4.180925234448654,0.6585405156700549,0
0.60617463445088,-7.862461538105123,0.7661159327955862,1
0.22864280550346272,1.346244392578071,0.8459214396777321,0
0.6717006844058567,-4.868744325972725,0.6136041142374584,0
0.6181282404578958,9.258537504751596,0.08860471396967906,1
0.3581627180328405,-0.32908706560150547,0.48762780966721087,0
0.11355759219962902,6.119850995503162,0.07764933467160506,1
0.6715731955927996,1.0045308431252353,0.40754303103243084,0
0.5203077009037933,-9.131749342903618,0.40710648912562764,1
0.7723183917356393,2.663027511880447,0.06600984414024158,1
0.5201635011119934,9.02806684413314,0.3488205339694793,0
0.8521815003185401,2.0322364029266238,0.11099809879131484,1
0.5519068387744855,6.383777188535804,0.8082352100092222,0
0.5609379715353863,7.6841292669681565,0.9476880259644708,0
0.876653602658345,-5.4384045610213505,0.0723164752579386,1
0.40348286621239704,-5.759103201835467,0.9551152072917014,0
0.13401522845064073,2.2196197770198345,0.5225765993367452,0
0.028782676313338973,-1.7794306038659058,0.2995656779538739,1
0.755137255673619,6.797226057334407,0.07686207527616351,1
0.6203095513534647,8.000462467960222,0.5006242680704178,0
0.7040797680992236,-2.931572413945638,0.7945155444907487,0
0.21296416150891073,-5.262588820510359,0.7070864772666982,0
0.13637147558676976,5.610510304877236,0.05022601146397376,1
0.014544665667881929,-4.503879289037278,0.07290183536790351,1
0.350587558806597,6.452286370273567,0.4028732826326371,0
0.5899176868546331,-1.5252349270247434,0.2952904940479433,1
0.3922440450997323,3.350997985829409,0.23238432305604784,1
0.43747492202372906,-8.089293723306636,0.2810044989087136,1
0.9041586944937484,2.4771864935314603,0.8034827432968846,0
0.34825546702330035,-0.9646464252554177,0.9292280536318539,0
0.5139894891598108,1.732169263509482,0.4051026945275664,0
0.7836530127411431,-6.639715845102732,0.9061110021324971,1
0.39654278232127016,4.737474898883642,0.32149570124788196,0
0.6220867002278735,7.255941550864571,0.4764369863437916,0
0.8623637087467452,-5.665203998184487,0.22602899781599972,1
0.9495206236576421,-8.085708889596766,0.640476042175844,1
0.14707348092903794,-9.527228279073272,0.9789811151748089,0
0.9265876251614944,2.83943000886532,0.6034930960433786,0
0.4921162930795382,2.1418807217756153,0.35781408411354887,0
0.25824438829895835,0.9339482542814004,0.6478174459905284,0
0.4591357562382613,-5.361058077680491,0.12292067846538757,1
0.980032575285477,-2.1818800818897066,0.8886590802653986,0
0.4926180939928696,1.8895267037234609,0.5030839507798364,0
0.3287516102875082,-0.0646628228166124,0.44934974203964206,0
0.6334008543167258,9.755710404297746,0.5858647884535192,0
0.24014561877819307,-7.271204948865337,0.6247838627894025,0
0.07586332810866392,3.9028910809518758,0.07177580622651303,1
0.12887972191064923,-1.9136246379141575,0.6826172212234024,0
0.12804583895777244,-1.4360077014877048,0.24193168031552958,1
0.15190269351229435,4.351955313163525,0.7139526325065898,0
0.13882717264941014,3.848723026487393,0.8225347943841967,0
0.6408747448032146,9.825119874043766,0.8039585075525203,0
0.18188008439914483,-7.432114210917495,0.5525009674078891,0
0.3456672833238632,-7.917807012316674,0.5201698923107512,0
0.8967884099060118,4.486776342574823,0.14287596133941172,1
0.47396164026287235,1.567738340128182,0.7753461504031356,0
0.6675577385210272,-4.516786668803883,0.27140938044671437,1
0.17231987120162984,-8.411612620220268,0.49669542281794654,0
0.19228901880867078,-8.286835008071389,0.2842740929275167,1
0.04086861626647886,7.883817493282366,0.13382836299969314,1
0.16893506307216455,-6.162653505625142,0.6295576968917366,0
0.2785903390319586,-3.532568757689585,0.05433203482290383,1
0.17701048427674682,-5.46687195546024,0.7486452341262,0
0.08870253375705561,-2.900073883361254,0.31758679526111666,0
0.12063587110060081,-8.611523145078133,0.00013469300448532007,1
0.46077876803272577,0.3811958181654074,0.5111291392372298,0
0.2063337184057925,-8.647748728155701,0.046851908527603126,1
0.36426986104807546,6.007130156447231,0.27616955782089947,1
0.5034172708548569,-5.3257583617913395,0.7069764874557162,1
0.6903948286293653,0.8002382920902118,0.06268962162186587,1
0.039312139841098936,7.6015817512291655,0.8393384923560023,0
0.7994103989090426,3.0175473809438835,0.003819922658583108,1
0.6279003894909078,0.659155731026706,0.24682386920190225,1
0.08175903194887191,-3.513324937692488,0.7409040561520714,0
0.8735786241067772,-3.3399617388360414,0.3162701497293068,0
0.9208724005318132,3.3897391039638025,0.10189238806601353,1
0.06107795985486375,9.88278722442335,0.3602339188004279,0
0.2768776481472037,3.2367837969875723,0.27039328638452553,1
0.8062012797930613,1.155668347400498,0.8427119021605549,0
0.7482596903836584,4.613010204784922,0.31334791758514313,0
0.18452101935637732,-0.695887754325637,0.7889324717760072,0
0.2093493233367103,-8.797153147984297,0.8918721448107347,0
0.370472102791382,1.2459363175581961,0.43381741957652953,0
0.4845229851910213,9.152505690107605,0.909943143854392,0
0.618254771530296,-6.493941152846807,0.37731805396319285,1
0.3689136395697724,3.800097816413315,0.9640784164901082,0
0.4625347161331479,-5.9813262268188705,0.08928952452557293,1
0.7474709381337565,0.7165536894616253,0.6870192665032427,0
0.0366832028905979,-8.066471007065608,0.49381404045692867,0
0.25243694434402075,-0.9925812748362972,0.38764880545564706,0
0.7133495858845524,5.123266577904921,0.6327118787486009,0
0.8952068376871993,-3.0485695152203585,0.7038570916343312,0
0.5116774421156661,3.2982344897443605,0.004363269650309087,1
0.5321134852653157,5.908999215794584,0.16695308874719872,1
0.10717201133977605,8.543556389589053,0.7130460506343187,0
0.44741236682345464,-5.307158362890929,0.6663854135782065,0
0.5326172664550232,-2.013681683813837,0.9660475051286772,0
0.24247050363472966,-6.951679733391652,0.761037790250783,0
0.26924323094938096,9.849670043167505,0.950772707731338,0
0.37728416310462265,8.540019358485907,0.702540501534807,0
0.02007119777772637,0.7991426056111917,0.29805220863944315,1
0.3220791655831783,6.840665887528425,0.10536492225085647,1
0.21144800699654465,0.41915954544084366,0.7818238633449356,0
0.32749735217791465,2.471713760055194,0.6441492214759159,0
0.11976213181925122,-8.217511357679667,0.04818601239329623,1
0.890527280739895,5.1054084099361585,0.36005046590097833,0
0.5935924535540487,-7.445730327295303,0.9567998154842862,1
0.6791023191444896,6.521352605050568,0.5004011457102012,0
0.7891712386073383,5.640561753407718,0.43272913601970464,0
0.4984421989290573,4.174893954859529,0.457699605159294,0
0.08692028808742369,-9.276792389504758,0.20888272400516372,1
0.5371065418185478,-3.937432881093428,0.3687071708647952,0
0.5868411180208791,-4.737748601783142,0.3698132559871766,0
0.74543947418433,-2.797271850569618,0.0523550201874724,1
0.4316595462296794,-8.24714506472323,0.7675676285179183,0
0.12758030279556376,8.739156460621256,0.416504431903879,0
0.28377590579872447,1.0760448142475254,0.8221798868164233,0
0.3630822963986351,-3.889513786839529,0.8503480011198954,0
0.6459172413316012,-2.0603696585143316,0.21199405469865806,1
0.5707783046689119,-1.055949189903287,0.6573534821701286,0
0.35609672589784624,2.011886667212346,0.4722818041629817,0
0.9865152487929797,0.31358855392995544,0.8801567379214851,0
0.6057748193568872,8.387839464288348,0.21574067917645412,1
0.23722679173599448,-0.06073034188339488,0.6778132003100442,0
0.10178247262040374,9.843160296466253,0.6077521222527226,0
0.15285913918433203,7.028499154901915,0.2953014775718328,1
0.24595772838450813,-5.829789712853284,0.1366009036511726,1
0.16068137325955567,8.611904292878325,0.6516397604772766,0
0.18656702405130576,-7.672672042290478,0.7385974581323307,0
0.2850951686938471,6.348994169823832,0.31562734376335,0
0.17337359529475482,-2.3875341304683984,0.6448326040223138,0
0.8967654246264252,7.559486408901391,0.39513090761150327,0
0.08023374566164221,7.361133802149007,0.7132068832826177,0
0.5245113895702547,6.1185080023524225,0.1992152748940531,1
0.4103968269896615,5.800608726141228,0.8902150026361744,0
0.9823786169086064,-3.9064172180391843,0.28740959646557973,1
0.11203890216805235,-8.381614338974956,0.3677859877561529,0
0.39785559904574164,-1.9403964246967709,0.058091952080349785,1
0.9694704332753689,-6.529509700269827,0.1115122123212764,1
0.8655071258939803,3.899021778049234,0.5158619027123281,0
0.8170720709492799,-3.0780054692442893,0.2675926767279715,1
0.25790282704493983,9.512204017198298,0.8354802257421944,0
0.17088758739006582,2.8194415469066403,0.014693388654953843,1
0.668643219924431,6.4496112726872195,0.3790940486719362,0
0.9293759891275858,-7.349506545163031,0.3373455467690927,1
0.5567628930139298,7.240289645452451,0.019327630917601035,1
0.5716126894698998,8.455143810267886,0.12436839900051022,1
0.2799790936602842,-0.25876162362128197,0.41364267491863527,0
0.7694929331919369,2.1250587550195488,0.49286458444744663,0
0.18704374855752337,5.296196018059909,0.4042897472548691,0
0.3236792364042437,-6.503227454791749,0.5309376784120938,0
0.4254364386164168,0.051321529268848476,0.5951316749056815,0
0.507610378684455,-2.026739444553738,0.00992382112783563,1
0.24240973241508024,-7.072520156755018,0.4640951594535039,0
0.11483682473920354,-2.6493115541693713,0.9634992408875883,0
0.6106200424416326,-8.636553812290128,0.5190322801295487,1
0.28863055324025577,-9.48376186101026,0.6775422674589532,0
0.5812382214226123,-7.296674216903545,0.3118638579168832,1
0.1543627152742023,9.262302231783476,0.7739913781527625,0
0.4811401018548175,0.9905907179003393,0.7729214818761151,0
0.5325894325515859,9.316443223064399,0.521296047654139,0
0.05182353682242691,-1.3500424333973604,0.9760138232792136,0
0.3366042781939206,-3.7636773382948085,0.12555021476265338,1
0.13441467693897424,0.12283725680488189,0.016947664889580993,1
0.06337497047276774,-1.2097662273417975,0.770158211757096,0
0.9899602323899452,-7.886706314765122,0.8071555373648825,1
0.32235384497472297,2.8165262938041247,0.12020722912057624,1
0.8098744458546349,-5.679236349808008,0.2655828329586061,1
0.25464065476376385,2.3917590979565917,0.01755236336662891,1
0.6815027222239293,3.0040218479630676,0.2933086107805647,1
0.7602278598896866,-6.959502937427038,0.7731418739186715,1
0.5956387406078443,-8.773007457786637,0.5179605277125789,1
0.47157618855015837,5.615231721368796,0.3480955931682881,0
0.41184091414726853,-0.8039915246135965,0.3717392949063303,0
0.3488682665429953,-8.836724089890485,0.0013536257154681541,1
0.9295291442478258,9.897326343395342,0.2998005275652359,1
0.8306194077877291,-8.844388780072666,0.6464587416379305,1
0.9650269106665126,3.9007045771710636,0.9741944438163571,0
0.12429722348554473,9.673578505268273,0.8470608269838995,0
0.7308674752036443,-5.216397915681488,0.023594964645529126,1
0.9383404568210378,-7.1550126262560765,0.8985606046748393,1
0.18123306616566015,-7.572301211551422,0.7831984132986259,0
0.0664962673667775,-3.934497048648089,0.7803761235709804,0
0.741120649290059,-7.979083779787066,0.4579957590035715,1
0.5744731131799119,3.843226833882638,0.3980052929545028,0
0.8418287767582721,-8.754164037398747,0.3029157288331926,1
0.1397723766262895,0.1884425629957942,0.06569485895436578,1
0.7952673118598902,9.933937077059536,0.2282353634936991,1
0.20162732004774453,6.279405390120376,0.24660363497802462,1
0.1636559428657045,2.3043887646202177,0.4840770697102016,0
0.16426579793099294,-3.8749275842677666,0.747444406596694,0
0.8145747202313821,2.4779167258327695,0.4738098283979466,0
0.6651972206962001,0.5408292782330326,0.057844449447160606,1
0.5230654247691193,-1.4783323221925704,0.9577898009882039,0
0.3588304841235025,-7.38579246519601,0.9427243190941123,0
0.8772005408131083,7.732084304809335,0.7851895431484084,0
0.3924451074226354,-1.0043070235735496,0.9913279015642206,0
0.8165994394715771,-6.107549763584698,0.5444823328002629,1
0.4391349085702184,-2.6448129824542077,0.9627683502532061,0
0.3769444294249076,-1.7174049494214594,0.07560504061675077,1
0.46267978566960644,6.550757911337486,0.3656807482613713,0
0.3013778741641421,4.672287611228041,0.22538126800676583,1
0.7476093801762511,5.386097872826796,0.19583308413427003,1
0.5027203900924792,-9.779374711427057,0.14080294889267608,1
0.2322126951468173,-1.6769200364047698,0.6224136415659967,0
0.8995745732745685,-0.3731169672935275,0.7813218557473051,0
0.3838912213732114,-9.616154463538866,0.5782983994203607,0
0.5435528611139886,-4.803735825099316,0.14696270958820967,1
0.9064721109645469,5.2057964624427004,0.8111237699334709,0
0.6242379959139921,-7.257805885420019,0.6359547071637285,1
0.11689804070836407,0.7062026290518331,0.3881657061269955,0
0.9398321236134751,-5.69596255965525,0.674130295536063,1
0.6277080530714179,-9.757584507122134,0.25990497924283285,1
0.3349056146570861,-5.17597084800917,0.3451922084942105,0
0.13927207266338726,9.517475098201075,0.9174858431319902,0
0.794025189270296,6.030742237659792,0.2905045056714204,1
0.6200727559285135,9.191532886420667,0.4699882681579366,0
0.5334610919763215,-0.24291912147275108,0.8901411373960146,0
0.8938925830509576,-7.8052760264499295,0.7077213502675275,1
0.7885972112245307,0.9591897794738591,0.06220322616470275,1
0.15167487973275118,-0.9124533088007825,0.14730304427897034,1
0.31172206779554823,6.88714165479232,0.007841590771916818,1
0.24848913981446574,-8.038348384315109,0.6309217902291634,0
0.743946292572677,-0.23517725956443636,0.4476734254104183,0
0.03353243473577938,-6.999026706120315,0.13427485090227553,1
0.5698896848713165,-3.5064814621988005,0.9579341210567704,0
0.7624586857406905,4.747141547755993,0.5296597239456199,0
0.8767656367617495,-0.4796374126246694,0.24189329411288918,1
0.34208174871590746,-2.4822342970846134,0.5006035711547075,0
0.8212573046720129,-2.110474428599294,0.6796203327351078,0
0.11063173695520723,-0.8110646318802672,0.07623921797356448,1
0.8464522917345182,5.700330876741138,0.274703815047892,1
0.12748866233198242,7.841693778804688,0.8069654908839936,0
0.39728729056036727,9.106693730078565,0.45966487040266124,0
0.7972953657795536,5.738067725105902,0.5465771420322949,0
0.14991742734877378,-3.6918620850397454,0.43281600220946925,0
0.22925139523264149,3.762694121730843,0.04389994264300512,1
0.7222525683930663,-1.2479375188921615,0.16574977982015593,1
0.7200365365460744,-4.906587559078977,0.4455416387418909,0
0.6411476328852973,6.817431588518453,0.20918546540792782,1
0.6939484444671,-9.2314730207535,0.04997902865967874,1
0.5427244433475962,8.03523984270847,0.8436496640518237,0
0.25179905890695276,-0.7704507075053169,0.9811925291641158,0
0.34569599350391944,2.7440295361656086,0.7931428739967394,0
0.18159771680142567,3.187078444115654,0.853784921704667,0
0.9084505613336283,7.902354814130728,0.24197713031704537,1
0.5833917947661205,2.7333936433441464,0.9606269755131998,0
0.4008514167636399,2.2786716952012354,0.19692570445342839,1
0.4620058036441327,-8.666959188786201,0.9514298103618323,0
0.9472833396118153,0.36816043890408157,0.994819293965951,0
0.1533514031160802,-6.996619983659167,0.7117228057460487,0
0.5862298320167972,4.748675374429712,0.9811437317918219,0
0.505888678884466,0.2444384162534896,0.5695397795671037,0
0.6114542354346478,3.6045555841670662,0.25954178317609033,1
0.01811018382084051,-9.166541987952314,0.43699588566562086,0
0.8721239089441515,-8.304159679083936,0.593560935378786,1
0.9321182824836124,4.326467761253645,0.07308156202701499,1
0.5651331835892089,-8.558313280026532,0.6223432646172461,1
0.6966508238768923,-8.574865444694828,0.9811778367622945,1
0.9224993811772957,-9.757830495302251,0.19010764978372763,1
0.7072386343133986,9.130027965989601,0.7925951162883833,0
0.15253904291426135,4.750167189180139,0.9078987937796194,0
0.5762883601668132,-2.934971829958717,0.9437015928202208,0
0.6067150463828559,-4.069288374246895,0.9601356044054472,0
0.424130671302386,-3.005935405083009,0.5214596387214719,0
0.7364442356247228,5.4930706236236375,0.9773079079915037,0
0.9343670147690148,3.227412221408288,0.7573102071344389,0
0.9255685129067763,-6.296088642650641,0.1616714362369619,1
0.4508393714041321,-6.517813293318313,0.47690010646797,0
0.11323804584075525,-8.032087005732054,0.718331175372004,0
0.9848411989623346,3.2060543940267627,0.24734031581908333,1
0.8388980864459341,5.287453244434719,0.6406151835488874,0
0.12466268120326685,-4.6990714334999195,0.6666004790466192,0
0.9208418826173723,-9.581100779381744,0.1626997438085659,1
0.8698963620621283,-8.356566650471454,0.5650853124527563,1
0.5188380571260721,9.357200696900609,0.7716269109786077,0
0.5912754357449292,-4.091104450451595,0.4988956645359419,0
0.39900270387013026,5.384462956762672,0.012103116776107425,1
0.05476163882203133,2.4932713770852755,0.009038469079292177,1
0.3351972416459009,-2.361207206942082,0.3570293439700122,0
0.8028534485980114,-5.886254756088897,0.926194068431782,1
0.004632023004602859,-7.572271636811871,0.22867677960360877,1
0.3334991716911442,2.3002593607773325,0.6343636888716871,0
0.3981686935909433,5.492675612755759,0.22207587069332058,1
0.5373956029379229,2.8780850708226136,0.3216699896595486,0
0.9198556164127605,0.6060426649831663,0.848042089601484,0
0.34634599436596125,-9.160975531367274,0.7288614422699469,0
0.3469532018962277,9.369775551887676,0.09539927731321063,1
0.7375012481097484,5.974283833091492,0.4287020209864336,0
0.45221794088980716,-4.143559265980706,0.029169763645264468,1
0.22460482293998196,9.599406587177013,0.480890146603009,0
0.4524395161326934,2.037631792726442,0.6624340117010681,0
0.14085702037979986,1.6484531641449296,0.11850262359815156,1
0.1763869865062233,4.961463588590642,0.28888493890916567,1
0.49836777273947974,6.235395761802751,0.3978366255021569,0
0.4189254495045479,3.129572146630053,0.9195310246560497,0
0.9148459010681,-7.4380850726759995,0.993255015422964,1
0.3623938991166331,-3.234649880110032,0.044911298995615856,1
0.5805883502780435,8.561672806520995,0.761007923495392,0
0.6322642879195304,-5.507687763122961,0.37172406640234323,1
0.013094456588333636,-2.5566595232497336,0.39245818622948003,0
0.6635373720167106,-1.35846234111608,0.7542649733470227,0
0.17803596686975143,-1.2119002061109563,0.9184264321454086,0
0.9610703174694551,2.2587916498905103,0.9509285945025484,0
0.14866272775311296,8.861516754894152,0.5771225860383208,0
0.41462412372702373,-5.1861457633499,0.3571211593005028,0
0.08534966807864386,-7.569972473981639,0.7875490858587793,0
0.9968742518459474,-6.050590202801254,0.25100138326230026,1
0.5021950103312426,7.73849800418539,0.5640740288335178,0
0.5953850173200438,2.9162162531041202,0.35857846152487316,0
0.06707647738842748,-4.281864215216798,0.6566310737078761,0
0.7499604703991778,6.3189387793723455,0.2403989128935069,1
0.20990559309558576,7.227399927268721,0.19159294573482577,1
0.8980542894407137,6.930286773805561,0.9182390866754371,0
0.20513964048200717,8.37853067279109,0.1018036829495369,1
0.19068772066366657,-4.955179596532768,0.5059579077349317,0
0.03654966784809488,5.100838574925566,0.22085278296300892,1
0.47206694510999925,-0.7892100545171998,0.03892996332566745,1
0.5648411332626164,6.839971057801231,0.03601881829142639,1
0.06570863942835237,4.569813543232264,0.17522177210582734,1
0.7755276166950106,5.528948929994493,0.8667703545060003,0
0.4532888347480276,3.12323675362143,0.28247874397702666,1
0.52439026932758,-6.451424610605862,0.9504591705752957,1
0.44076274693822814,0.9005383779387666,0.5816222929891935,0
0.400763060875326,9.693394790490164,0.4366141897687661,0
0.5596403313082179,8.747761329942378,0.5800888346694546,0
0.1552402459307125,-9.136525284059767,0.5166983852262678,0
0.18192813049527112,-6.7037036854112575,0.7587762537573252,0
0.8617856210135173,-7.365424530908761,0.28249606597285226,1
0.9461154621336327,4.51959819970591,0.3530503916003024,0
0.37330931627975295,6.3557065971389015,0.8940943025332507,0
0.27074467314355377,-5.729772673786561,0.9464565131504055,0
0.6439995432390158,0.11705385903657994,0.8925582274864745,0
0.4087341710980964,6.814060560224,0.4194479939573136,0
0.02538635566034486,4.656030895325012,0.7803655030068817,0
0.15615259736619036,0.8447441098369657,0.4763357333010988,0
0.7159722288473975,1.8069538091754578,0.4975398521461022,0
0.6589239419101514,0.1672109383255993,0.20468010905728395,1
0.02709599250348349,-4.049030973623589,0.5911303032585165,0
0.22197216193294944,1.3004398571803222,0.18613589775334793,1
0.2310747965880714,3.7777060410018137,0.33156469906719377,0
0.6718927435987284,7.466458317216153,0.8550302016199351,0
0.019710537754364155,2.7258270795849615,0.20707580921085522,1
0.10410858198457384,5.22243074086316,0.07115828517343281,1
0.7999160853731894,-6.79856730090854,0.0690075926128163,1
0.1785446620543336,-0.7688505116042021,0.9407845205031079,0
0.6527461078518747,-9.813367603458135,0.5069204379618346,1
0.23818278104672652,-5.06642270956754,0.40941207181701833,0
0.09944139275934516,4.529234302260097,0.8108785810079184,0
0.24317219099945409,9.83619902698727,0.835825927910516,0
0.7222669318556592,-8.016438008255681,0.3321910331156046,1
0.8556964681062857,-1.970113682774235,0.6936180574737952,0
0.8302198645669916,6.00141937398319,0.7711228158518866,0
0.3971835296184548,-5.919287307422023,0.6546506868659545,0
0.6680851365706462,1.101698986045725,0.15159507480009937,1
0.20498429541582097,4.661425920593496,0.875883083517057,0
0.29314773026101326,2.3197090052035807,0.5390945527360087,0
0.8963358185211198,-6.239505307691678,0.2824724263700037,1
0.013001923510736035,-2.8923086262852116,0.4252281854376939,0
0.08550853085446808,5.675835689707944,0.03757109039890738,1
0.20788625514602732,1.0845302826403325,0.12786680122241756,1
0.026532203873819715,-9.895407729141745,0.7655467505158609,0
0.18143543508979731,5.219815200561877,1.1634755366141114e-05,1
0.5830415609696922,-9.293772901195219,0.4165658284822922,1
0.42142455059249795,4.914675654624643,0.5225101810855884,0
0.8926717110769748,-5.950388796695252,0.054634420000972295,1
0.8174435617384409,9.161469602387605,0.9730781629723328,0
0.34181735169787597,-2.6411849739583104,0.22612533124967193,1
0.2594234334312925,-3.461367673238418,0.30419871963628087,0
0.3796924081672669,-7.022238993351106,0.30394251225502733,0
0.5902949425148077,-3.8879156901957024,0.2304166621173499,1
0.26806364082287626,7.533015236564012,0.001473822086311416,1
0.624148907849134,9.926686752544946,0.7293447940879964,0
0.4094116521912404,-2.6338093898630333,0.9668454997992854,0
0.5520471808519802,-1.0277873809091487,0.22429348328504506,1
0.4361265291353167,4.441418764054741,0.6630471918034224,0
0.29446575954191767,7.723915609301491,0.7418963269587151,0
0.9484533069621567,1.860886683735683,0.8484253790905247,0
0.7636057941597608,-2.169486036443413,0.4226291970136091,0
0.14011317576645255,-1.7475631830275251,0.30293090564042924,0
0.8684679758979128,3.9123629299361373,0.3252951340230311,0
0.48743119824951364,-9.935634727914426,0.7126213330985128,0
0.8945522268940914,2.3917867491968137,0.816779466505636,0
0.7998552559473152,-2.890139791172852,0.18161396775660266,1
0.42521350446923345,5.883946625541685,0.3709410081577652,0
0.022469308320117398,-8.140187203537357,0.90194019674915,0
0.2686773593849461,1.7640453389678101,0.8066935196947392,0
0.5416342146608669,-0.3805422022775251,0.9848584027624758,0
0.6334782198261473,2.846510518104548,0.7542482596820808,0
0.2578876854332023,-8.702928110340633,0.39319520102792227,0
0.13935607407282413,1.5996757485626256,0.5906378339946378,0
0.8349302367992991,1.2296917591904744,0.6610142542473203,0
0.9844021807035521,1.2132018883234186,0.07845581631712395,1
0.5256901823026858,2.069753331929096,0.5444969591038651,0
0.1716792858483035,3.5293587445272445,0.7093208284726096,0
0.27230732651936895,6.099779993615395,0.16732130400106038,1
0.018390676547466733,-4.603585597435713,0.7806317174255571,0
0.914298806560499,6.500988203601241,0.5837727805141116,0
0.11775108289014113,-0.034886354730927494,0.9522217856975946,0
0.5765164755142536,-8.458834417313376,0.042422298206891695,1
0.274055220687206,-8.828981415120417,0.26532613755546697,1
0.5541780025157934,-3.315233626078784,0.6015538792998241,0
0.6514203883518642,5.697939542229351,0.2965599122059307,1
0.8297418037072016,4.153618694818315,0.7144241640712422,0
0.2064212717606032,5.772299293448128,0.759005282521931,0
0.010995828658480478,0.3453811288321873,0.10251596406647445,1
0.13688563006880727,-1.1960200408901889,0.5138544642067677,0
0.9000186418481051,-7.0509494658743215,0.5088905555910559,1
0.8738900775625152,-3.436144927813769,0.36928077021554107,0
0.5974131021703083,-1.3196126765224947,0.9329248625696721,0
0.6005168604336534,-8.227991406407655,0.8275063198732212,1
0.6650366745462555,-5.587760945775775,0.6972093819096368,1
0.1753712786234496,1.9645058812747762,0.7143266357349976,0
0.9144119459249598,4.713262284783797,0.4617161438131191,0
0.4187705248920731,9.966950227858993,0.9209945210965759,0
0.38313852824949746,8.662266626871153,0.6945954272532854,0
0.5189177052828375,2.8513039907038307,0.7289810616558164,0
0.046965966775055046,-1.57503893411856,0.8616909037873453,0
0.1662833687560794,2.7235472941646544,0.274071589342191,1
0.7380336164263704,5.71303236160464,0.807070903866703,0
0.08279866792512647,-7.633276181532254,0.19524060295649204,1
0.6031521094663882,-1.8019022060742351,0.34534195224488784,0
0.24534910968132095,6.796045712712344,0.3356104542698427,0
0.38929561404197655,-2.32334096133912,0.9785254683891406,0
0.28869373677069987,1.4374454245437307,0.8565372237479268,0
0.35567271646494913,1.7553872172439644,0.7011698615902597,0
0.7190459051842455,-6.310474937327212,0.7270567616153901,1
0.297121715623175,-2.7552911669542324,0.5620727944025711,0
0.5664046402968972,-3.309774225161357,0.9470906671085191,0
0.47605040219909966,-9.476065829358705,0.49625875288236154,0
0.6636711653626481,-9.516164722172896,0.3805177098698945,1
0.936829739324758,6.633940873515469,0.163035336931591,1
0.7325720972102503,-4.538583800543751,0.786205652261058,0
0.21494037859075676,0.3615753247763087,0.7344439320755914,0
0.031183135061284672,-4.025488528224539,0.3843550385241349,0
0.2622640442998251,8.813584902306811,0.02519341395922936,1
0.5950779307002548,-4.814064822684525,0.8389973277180107,0
0.05142581348425035,-1.4068637452212984,0.011417983454073632,1
0.49636624720123634,7.454605009692036,0.703699779629051,0
0.5968428489168892,6.838671335836173,0.970257109726057,0
0.3342438908169608,-6.277971643074453,0.43766132814820347,0
0.7709122037458219,6.052866195914208,0.23497340499595276,1
0.1065982531337718,-0.836262265242147,0.7048710100433817,0
0.07513778173580876,-0.34062255829289567,0.8171281420155851,0
0.7281887562036033,-7.330400551681125,0.5464303160778473,1
0.49549131620619846,-8.387969724857507,0.9670352752561462,0
0.688402396427736,4.558786139475304,0.0516687216579611,1
0.4348273386037462,-0.07077695289400499,0.5047955983045281,0
0.2464020332391068,-1.262985947696409,0.7184539473225501,0
0.8191023176741997,4.590164573047934,0.862640471149179,0
0.7994158789689793,5.310257979822195,0.17925561190779005,1
0.6946964708544268,-6.821836646612929,0.8000034817636814,1
0.2721451372299627,2.2045029895528256,0.5527070757185453,0
0.5902306668690871,-7.292918354446289,0.3965536819899632,1
0.3609738969400268,5.027501720580913,0.13171502857909356,1
0.09158207332663415,3.1391031253427903,0.8652957589089124,0
0.9173135754622428,9.13229242166916,0.15727320817971535,1
0.1368186309189614,-8.620839672871575,0.30978785920909924,0
0.9502373538208024,-8.858905576974914,0.2900455319624369,1
0.44600577295795574,-4.3562585061359975,0.8714140341908543,0
